source,target,value
He-Man and the Masters of the Universe,Yuri Lowenthal,1
He-Man and the Masters of the Universe,Kimberly Brooks,1
He-Man and the Masters of the Universe,Antony Del Rio,1
He-Man and the Masters of the Universe,Trevor Devall,1
He-Man and the Masters of the Universe,Ben Diskin,1
He-Man and the Masters of the Universe,Grey Griffin,1
He-Man and the Masters of the Universe,David Kaye,1
He-Man and the Masters of the Universe,Tom Kenny,1
He-Man and the Masters of the Universe,Judy Alice Lee,1
He-Man and the Masters of the Universe,Roger Craig Smith,1
He-Man and the Masters of the Universe,Fred Tatasciore,1
On the Verge,Julie Delpy,1
On the Verge,Elisabeth Shue,1
On the Verge,Sarah Jones,1
On the Verge,Alexia Landeau,1
On the Verge,Mathieu Demy,1
On the Verge,Troy Garity,1
On the Verge,Timm Sharp,1
On the Verge,Giovanni Ribisi,1
Sharkdog,Liam Mitchell,1
Sharkdog,Dee Bradley Baker,1
Sharkdog,Grey Griffin,1
Sharkdog,Josh McDermitt,1
Sharkdog,Kari Wahlgren,1
Sharkdog,Judy Alice Lee,1
Sharkdog,Ali Mawji,1
Q-Force,Sean Hayes,1
Q-Force,Wanda Sykes,1
Q-Force,Laurie Metcalf,1
Q-Force,David Harbour,1
Q-Force,Gary Cole,1
Q-Force,Patti Harrison,1
Q-Force,Matt Rogers,1
Sparking Joy,Marie Kondo,1
Brand New Cherry Flavor,Rosa Salazar,1
Brand New Cherry Flavor,Eric Lange,1
Brand New Cherry Flavor,Catherine Keener,1
Brand New Cherry Flavor,Jeff Ward,1
Brand New Cherry Flavor,Manny Jacinto,1
Brand New Cherry Flavor,Hannah Levien,1
Brand New Cherry Flavor,Patrick Fischler,1
Hit & Run,Lior Raz,1
Hit & Run,Kaelen Ohm,1
Hit & Run,Sanaa Lathan,1
Hit & Run,Moran Rosenblatt,1
Hit & Run,Lior Ashkenazi,1
Hit & Run,Gregg Henry,1
Hit & Run,Gal Toren,1
Cooking With Paris,Paris Hilton,1
Johnny Test,James Arnold Taylor,1
Johnny Test,Trevor Devall,1
Johnny Test,Maryke Hendrikse,1
Johnny Test,Emily Tennant,1
Ridley Jones,Iara Nemirovsky,1
Ridley Jones,Laraine Newman,1
Ridley Jones,David Errigo Jr,1
Ridley Jones,Tyler Shamy,1
Ridley Jones,Ezra Menas,1
Ridley Jones,Ashlyn Madden,1
Ridley Jones,Sutton Foster,1
RESIDENT EVIL: Infinite Darkness,Nick Apostolides,1
RESIDENT EVIL: Infinite Darkness,Stephanie Panisello,1
RESIDENT EVIL: Infinite Darkness,Ray Chase,1
RESIDENT EVIL: Infinite Darkness,Jona Xiao,1
RESIDENT EVIL: Infinite Darkness,Billy Kametz,1
RESIDENT EVIL: Infinite Darkness,Joe J. Thomas,1
RESIDENT EVIL: Infinite Darkness,Doug Stone,1
RESIDENT EVIL: Infinite Darkness,Brad Venable,1
RESIDENT EVIL: Infinite Darkness,Toshiyuki Morikawa,1
RESIDENT EVIL: Infinite Darkness,Yuhko Kaida,1
RESIDENT EVIL: Infinite Darkness,Fumihiko Tachiki,1
RESIDENT EVIL: Infinite Darkness,Megumi Han,1
RESIDENT EVIL: Infinite Darkness,Kenji Nojima,1
RESIDENT EVIL: Infinite Darkness,Kazuhiko Inoue,1
RESIDENT EVIL: Infinite Darkness,Aruno Tahara,1
RESIDENT EVIL: Infinite Darkness,Mitsuru Ogata,1
We the People,H.E.R.,1
We the People,Adam Lambert,1
We the People,Cordae,1
We the People,Kristen Anderson-Lopez,1
We the People,Daveed Diggs,1
We the People,Brittany Howard,1
We the People,Robert Lopez,1
We the People,Lin-Manuel Miranda,1
We the People,Brandi Carlile,1
We the People,Kyle Harvey,1
We the People,Bebe Rexha,1
We the People,Andra Day,1
We the People,Janelle Monáe,1
We the People,Amanda Gorman,1
Sex/Life,Sarah Shahi,1
Sex/Life,Mike Vogel,1
Sex/Life,Adam Demos,1
Sex/Life,Margaret Odette,1
The Last Dance,Michael Jordan,1
The Last Dance,Scottie Pippen,1
The Last Dance,Dennis Rodman,1
Avengers Climate Conundrum,Giles Panton,1
Avengers Climate Conundrum,Michael Daingerfield,1
Avengers Climate Conundrum,Bill Newton,1
Avengers Climate Conundrum,James Blight,1
Avengers Climate Conundrum,Nicole Oliver,1
Avengers Climate Conundrum,Adrian Petriw,1
Avengers Climate Conundrum,Alex Barima,1
Avengers Climate Conundrum,Rebecca Shoichet,1
Power Rangers Dino Fury,Russell Curry,1
Power Rangers Dino Fury,Hunter Deno,1
Power Rangers Dino Fury,Kai Moya,1
Power Rangers Dino Fury,Tessa Rao,1
Power Rangers Dino Fury,Chance Perez,1
Power Rangers Dino Fury,Shavaughn Ruakere,1
Power Rangers Dino Fury,Blair Strang,1
Sweet Tooth,Nonso Anozie,1
Sweet Tooth,Christian Convery,1
Sweet Tooth,Adeel Akhtar,1
Sweet Tooth,Stefania LaVie Owen,1
Sweet Tooth,Dania Ramirez,1
Sweet Tooth,Aliza Vellani,1
Sweet Tooth,Will Forte,1
Sweet Tooth,James Brolin,1
Sweet Tooth,Neil Sandilands,1
Sweet Tooth,Mia Artemis,1
Halston,Ewan McGregor,1
Halston,Bill Pullman,1
Halston,Rebecca Dayan,1
Halston,David Pittu,1
Halston,Krysta Rodriguez,1
Halston,Rory Culkin,1
Halston,Vera Farmiga,1
Halston,Gian Franco Rodriguez,1
Halston,Sullivan Jones,1
Halston,Kelly Bishop,1
Halston,Dilone,1
Halston,James Waterston,1
Halston,Jason Kravits,1
Halston,Mary Beth Peil,1
The Upshaws,Mike Epps,1
The Upshaws,Wanda Sykes,1
The Upshaws,Kim Fields,1
The Upshaws,Page Kennedy,1
The Upshaws,Diamond Lyons,1
The Upshaws,Khali Daniya-Renee Spraggins,1
The Upshaws,Jermelle Simon,1
The Upshaws,Gabrielle Dennis,1
The Upshaws,Journey Christine,1
Jupiter's Legacy,Josh Duhamel,1
Jupiter's Legacy,Ben Daniels,1
Jupiter's Legacy,Leslie Bibb,1
Jupiter's Legacy,Andrew Horton,1
Jupiter's Legacy,Elena Kampouris,1
Jupiter's Legacy,Matt Lanter,1
Jupiter's Legacy,Mike Wade,1
Jupiter's Legacy,Tenika Davis,1
Jupiter's Legacy,Ian Quinlan,1
Jupiter's Legacy,David Julian Hirsh,1
Jupiter's Legacy,Tyler Mane,1
Shadow and Bone,Jessie Mei Li,1
Shadow and Bone,Archie Renaux,1
Shadow and Bone,Ben Barnes,1
Shadow and Bone,Freddy Carter,1
Shadow and Bone,Amita Suman,1
Shadow and Bone,Kit Young,1
Shadow and Bone,Danielle Galligan,1
Shadow and Bone,Calahan Skogman,1
Shadow and Bone,Sujaya Dasgupta,1
Shadow and Bone,Simon Sears,1
Shadow and Bone,Daisy Head,1
Shadow and Bone,Zoë Wanamaker,1
Shadow and Bone,Luke Pasqualino,1
Shadow and Bone,Julian Kostov,1
Next in Fashion,Tan France,1
Next in Fashion,Alexa Chung,1
Dad Stop Embarrassing Me!,Jamie Foxx,1
Dad Stop Embarrassing Me!,David Alan Grier,1
Dad Stop Embarrassing Me!,Kyla-Drew,1
Dad Stop Embarrassing Me!,Porscha Coleman,1
Dad Stop Embarrassing Me!,Jonathan Kite,1
Dad Stop Embarrassing Me!,Heather Hemmens,1
Dad Stop Embarrassing Me!,Valente Rodriguez,1
The Baker and the Beauty,Victor Rasuk,1
The Baker and the Beauty,Nathalie Kelley,1
The Baker and the Beauty,Dan Bucatinsky,1
The Baker and the Beauty,David Del Rio,1
The Baker and the Beauty,Michelle Veintimilla,1
The Baker and the Beauty,Lisa Vidal,1
The Baker and the Beauty,Carlos Gómez,1
The Baker and the Beauty,Belissa Escobedo,1
Rainbow High,Tara Sands,1
Rainbow High,Anairis Quiñones,1
Rainbow High,Laura Stahl,1
Rainbow High,Jenny Yokobori,1
Rainbow High,Kira Buckland,1
Rainbow High,Brittany Cox,1
Rainbow High,Brittany Lauda,1
Rainbow High,Christian Banas,1
Rainbow High,Rebeka Thomas,1
Rainbow High,Hayden Summerall,1
Rainbow High,Deneen Melody,1
DOTA: Dragon's Blood,Yuri Lowenthal,1
DOTA: Dragon's Blood,Lara Pulver,1
DOTA: Dragon's Blood,Kari Wahlgren,1
DOTA: Dragon's Blood,Alix Wilton Regan,1
DOTA: Dragon's Blood,Troy Baker,1
DOTA: Dragon's Blood,Freya Tingley,1
DOTA: Dragon's Blood,Tony Todd,1
Country Comfort,Katharine McPhee,1
Country Comfort,Eddie Cibrian,1
Country Comfort,Ricardo Hurtado,1
Country Comfort,Jamie Martin Mann,1
Country Comfort,Griffin McIntyre,1
Country Comfort,Shiloh Verrico,1
Country Comfort,Pyper Braun,1
Country Comfort,Janet Varney,1
Country Comfort,Eric Balfour,1
Waffles + Mochi,Michelle Zamora,1
Waffles + Mochi,Russ Walko,1
Waffles + Mochi,Michelle Obama,1
Waffles + Mochi,Jonathan Kidder,1
Waffles + Mochi,Diona Elise Burnett,1
Waffles + Mochi,Taleia Gilliam,1
Waffles + Mochi,Lyric Lewis,1
Waffles + Mochi,Andy Hayward,1
Waffles + Mochi,Piotr Michael,1
Waffles + Mochi,George Konner,1
The Lost Pirate Kingdom,James Oliver Wheatley,1
The Lost Pirate Kingdom,Sam Callis,1
The Lost Pirate Kingdom,Thomas Padley,1
The Lost Pirate Kingdom,Evan Milton,1
The Lost Pirate Kingdom,Samuel Collings,1
The Lost Pirate Kingdom,Miles Yekinni,1
The Lost Pirate Kingdom,Jack Waldouck,1
The Lost Pirate Kingdom,Mia Tomlinson,1
The Lost Pirate Kingdom,Kevin Howarth,1
The Lost Pirate Kingdom,Mark Gillis,1
The Lost Pirate Kingdom,George Watkins,1
The Lost Pirate Kingdom,Derek Jacobi,1
City of Ghosts,August Nuñez,1
City of Ghosts,Blue Chapman,1
City of Ghosts,Kirikou S'hai Muldrow,1
City of Ghosts,Michael Ren,1
City of Ghosts,Angel Chipagua,1
City of Ghosts,Honor Calderon,1
Pacific Rim: The Black,Gideon Adlon,1
Pacific Rim: The Black,Calum Worthy,1
Pacific Rim: The Black,Erica Lindbeck,1
Pacific Rim: The Black,Victoria Grace,1
Pacific Rim: The Black,Andrew McPhee,1
Age of Samurai: Battle for Japan,Masayoshi Haneda,1
Age of Samurai: Battle for Japan,Masami Kosaka,1
Age of Samurai: Battle for Japan,Hideaki Ito,1
Age of Samurai: Battle for Japan,Hayate,1
Age of Samurai: Battle for Japan,Wilfred Lee,1
Age of Samurai: Battle for Japan,Philippe Koo,1
Canine Intervention,Jas Leverette,1
Ginny & Georgia,Brianne Howey,1
Ginny & Georgia,Antonia Gentry,1
Ginny & Georgia,Diesel La Torraca,1
Ginny & Georgia,Jennifer Robertson,1
Ginny & Georgia,Felix Mallard,1
Ginny & Georgia,Sara Waisglass,1
Ginny & Georgia,Scott Porter,1
Ginny & Georgia,Raymond Ablack,1
Amend: The Fight for America,Will Smith,1
Amend: The Fight for America,Mahershala Ali,1
Amend: The Fight for America,Laverne Cox,1
Amend: The Fight for America,Utkarsh Ambudkar,1
Amend: The Fight for America,Bambadjan Bamba,1
Amend: The Fight for America,Sterling K. Brown,1
Amend: The Fight for America,Bobby Cannavale,1
Amend: The Fight for America,Rafael Casal,1
Amend: The Fight for America,Whitney Cummings,1
Amend: The Fight for America,Daveed Diggs,1
Amend: The Fight for America,Hannah Gadsby,1
Amend: The Fight for America,Joseph Gordon-Levitt,1
Amend: The Fight for America,Graham Greene,1
Amend: The Fight for America,Diane Guerrero,1
Amend: The Fight for America,Helen Hunt,1
Amend: The Fight for America,Joshua Jackson,1
Amend: The Fight for America,Samuel L. Jackson,1
Amend: The Fight for America,Aja Naomi King,1
Amend: The Fight for America,Diane Lane,1
Amend: The Fight for America,Ki Hong Lee,1
Amend: The Fight for America,Gabriel Luna,1
Amend: The Fight for America,Marsai Martin,1
Amend: The Fight for America,Dermot Mulroney,1
Amend: The Fight for America,Tig Notaro,1
Amend: The Fight for America,Jae Suh Park,1
Amend: The Fight for America,Randall Park,1
Amend: The Fight for America,Pedro Pascal,1
Amend: The Fight for America,Yara Shahidi,1
Amend: The Fight for America,Alia Shawkat,1
Amend: The Fight for America,Algee Smith,1
Amend: The Fight for America,Willow Smith,1
Amend: The Fight for America,Courtney B. Vance,1
Amend: The Fight for America,Lena Waithe,1
Amend: The Fight for America,Samira Wiley,1
Amend: The Fight for America,Larry Wilmore,1
The Crew,Kevin James,1
The Crew,Sarah Stiles,1
The Crew,Jillian Mueller,1
The Crew,Freddie Stroma,1
The Crew,Gary Anthony Williams,1
The Crew,Dan Ahdoot,1
Firefly Lane,Katherine Heigl,1
Firefly Lane,Sarah Chalke,1
Firefly Lane,Ben Lawson,1
Firefly Lane,Beau Garrett,1
Firefly Lane,Ali Skovbye,1
Firefly Lane,Roan Curtis,1
Firefly Lane,Yael Yurman,1
Firefly Lane,Jon-Michael Ecker,1
Firefly Lane,Brandon Jay McLaren,1
Firefly Lane,Paul McGillion,1
Firefly Lane,Chelah Horsdal,1
Firefly Lane,Brendan Taylor,1
Go Dog Go,Michela Luci,1
Go Dog Go,Callum Shoniker,1
Go Dog Go,Lyon Smith,1
Go Dog Go,Tajja Isen,1
Go Dog Go,Anand Rajaram,1
Go Dog Go,David Berni,1
Go Dog Go,Linda Ballantyne,1
Go Dog Go,Joshua Graham,1
Go Dog Go,Patrick McKenna,1
Go Dog Go,Judy Marshak,1
Go Dog Go,Martin Roach,1
Go Dog Go,Katie Griffin,1
Pretend It’s a City,Fran Lebowitz,1
History of Swear Words,Nicolas Cage,1
Headspace Guide to Meditation,Andy Puddicombe,1
Best Leftovers Ever!,Jackie Tohn,1
Best Leftovers Ever!,David So,1
Best Leftovers Ever!,Rosemary Shrager,1
Equinox,Danica Curcic,1
Equinox,Karoline Hamm,1
Equinox,Viola Martinsen,1
Equinox,Lars Brygmann,1
Equinox,Hanne Hedelund,1
Equinox,August Issac Carter,1
Equinox,Fanny Leander Bornedal,1
Equinox,Ask Mossberg Truelsen,1
Equinox,Peder Holm Johansen,1
Equinox,Alexandre Willaume,1
Equinox,Susanne Storm,1
Equinox,Andrea Engelsmann Persson,1
Equinox,Thomas Chaanhing,1
Equinox,Morten Hauch-Fausbøll,1
Equinox,Eskil Tonnesen,1
Bridgerton,Adjoa Andoh,1
Bridgerton,Julie Andrews,1
Bridgerton,Lorraine Ashbourne,1
Bridgerton,Jonathan Bailey,1
Bridgerton,Ruby Barker,1
Bridgerton,Sabrina Bartlett,1
Bridgerton,Harriet Cains,1
Bridgerton,Bessie Carter,1
Bridgerton,Nicola Coughlan,1
Bridgerton,Phoebe Dynevor,1
Bridgerton,Ruth Gemmell,1
Bridgerton,Florence Hunt,1
Bridgerton,Claudia Jessie,1
Bridgerton,Ben Miller,1
Bridgerton,Luke Newton,1
Bridgerton,Regé-Jean Page,1
Bridgerton,Golda Rosheuvel,1
Bridgerton,Luke Thompson,1
Bridgerton,Will Tilston,1
Bridgerton,Polly Walker,1
Rhyme Time Town Singalongs,Luke Amis,1
Rhyme Time Town Singalongs,Annabelle Westenholz-Smith,1
Rhyme Time Town Singalongs,Maddie Evans,1
Rhyme Time Town Singalongs,Jude Muir,1
Rhyme Time Town Singalongs,Hannah Jane Fox,1
Rhyme Time Town Singalongs,Rhashan Stone,1
Schulz Saves America,Andrew Schulz,1
Tiny Pretty Things,Lauren Holly,1
Tiny Pretty Things,Kylie Jefferson,1
Tiny Pretty Things,Casimere Jollette,1
Tiny Pretty Things,Brennan Clost,1
Tiny Pretty Things,Barton Cowperthwaite,1
Tiny Pretty Things,Bayardo De Murguia,1
Tiny Pretty Things,Damon J. Gillespie,1
Tiny Pretty Things,Anna Maiche,1
Tiny Pretty Things,Daniela Norman,1
Tiny Pretty Things,Michael Hsu Rosen,1
Tiny Pretty Things,Tory Trowbridge,1
Voices of Fire,Pharrell Williams,1
Holiday Home Makeover with Mr. Christmas,Benjamin Bradley,1
The Liberator,Bradley James,1
The Liberator,Martin Sensmeier,1
The Liberator,Jose Miguel Vasquez,1
The Liberator,Forrest Goodluck,1
The Liberator,Bryan Hibbard,1
The Liberator,Matt Mercurio,1
The Liberator,Harrison Stone,1
The Liberator,Billy Breed,1
The Liberator,Tatanka Means,1
The Liberator,Kiowa Gordon,1
DASH & LILY,Midori Francis,1
DASH & LILY,Austin Abrams,1
DASH & LILY,Dante Brown,1
DASH & LILY,Troy Iwata,1
Blood of Zeus,Derek Phillips,1
Blood of Zeus,Jason O'Mara,1
Blood of Zeus,Claudia Christian,1
Blood of Zeus,Mamie Gummer,1
Blood of Zeus,Jessica Henwick,1
Blood of Zeus,Elias Toufexis,1
Blood of Zeus,Chris Diamantopoulos,1
Blood of Zeus,Adetokumboh M'Cormack,1
Blood of Zeus,Matthew Mercer,1
Blood of Zeus,Melina Kanakaredes,1
Blood of Zeus,Danny Jacobs,1
Blood of Zeus,Matt Lowe,1
Blood of Zeus,Adam Croasdell,1
Blood of Zeus,Jennifer Hale,1
Blood of Zeus,David Shaughnessy,1
Blood of Zeus,Fred Tatasciore,1
Blood of Zeus,Vanessa Marshall,1
The Queen's Gambit,Anya Taylor-Joy,1
The Queen's Gambit,Bill Camp,1
The Queen's Gambit,Marielle Heller,1
The Queen's Gambit,Thomas Brodie-Sangster,1
The Queen's Gambit,Moses Ingram,1
The Queen's Gambit,Harry Melling,1
The Queen's Gambit,Isla Johnston,1
The Queen's Gambit,Christiane Seidel,1
The Queen's Gambit,Rebecca Root,1
The Queen's Gambit,Chloe Pirrie,1
The Queen's Gambit,Jacob Fortune-Lloyd,1
Grand Army,Odessa A’zion,1
Grand Army,Odley Jean,1
Grand Army,Amir Bageria,1
Grand Army,Maliq Johnson,1
Grand Army,Amalia Yoo,1
Grand Army,Alphonso Romero Jones II,1
Grand Army,Thelonius Serrell-Freed,1
Grand Army,Anthony Ippolito,1
Grand Army,Brian Altemus,1
Social Distance,Danielle Brooks,1
Social Distance,Oscar Nuñez,1
Social Distance,Mike Colter,1
Social Distance,Heather Burns,1
Social Distance,Okieriete Onaodowan,1
Social Distance,Ajay Naidu,1
Social Distance,Shakira Barrera,1
Social Distance,Steven Weber,1
Social Distance,Helena Howard,1
Social Distance,Daphne Rubin-Vega,1
Social Distance,Guillermo Díaz,1
Social Distance,Miguel Sandoval,1
Social Distance,Camila Perez,1
Social Distance,Gianna Aragon,1
Social Distance,Tom Costanzo,1
Social Distance,Luca Costanzo,1
Social Distance,Olli Haaskivi,1
Social Distance,Marsha Stephanie Blake,1
Social Distance,Isabella Ferreira,1
Social Distance,Rocco Luna,1
Social Distance,Larita Brooks,1
Social Distance,Misha Brooks,1
Social Distance,Liam Foley,1
Social Distance,Zoë Verbil,1
Social Distance,Anthony Norman,1
Social Distance,Brian Jordan Alvarez,1
Social Distance,Max Jenkins,1
Social Distance,Peter Vack,1
Social Distance,Rana Roy,1
Social Distance,Peter Scanavino,1
Social Distance,Ali Ahn,1
Social Distance,Tami Sagher,1
Social Distance,Barbara Rosenblat,1
Social Distance,Michael Mulheren,1
Social Distance,Leo Bai-Scanavino,1
Social Distance,Becky Ann Baker,1
Social Distance,Dylan Baker,1
Social Distance,Marcia DeBonis,1
Social Distance,Raymond Anthony Thomas,1
Social Distance,Sunita Mani,1
Social Distance,Kylie Liya Page,1
Social Distance,David Iacono,1
Social Distance,Lachlan Riley Watson,1
Social Distance,Niles Fitch,1
Social Distance,Will Meyers,1
Social Distance,Ava DeMary,1
Social Distance,Lydia Look,1
Social Distance,Asante Blackk,1
Social Distance,Ayize Ma'at,1
Social Distance,Lovie Simone,1
The Cabin with Bert Kreischer,Bert Kreischer,1
The Cabin with Bert Kreischer,Anthony Anderson,1
The Cabin with Bert Kreischer,Caitlyn Jenner,1
The Cabin with Bert Kreischer,Tom Segura,1
The Cabin with Bert Kreischer,Joey Diaz,1
The Cabin with Bert Kreischer,Nikki Glaser,1
The Cabin with Bert Kreischer,Fortune Feimster,1
The Cabin with Bert Kreischer,Bobby Lee,1
The Cabin with Bert Kreischer,Donnell Rawlings,1
The Cabin with Bert Kreischer,Kaley Cuoco,1
The Cabin with Bert Kreischer,Joel McHale,1
The Cabin with Bert Kreischer,Ms. Pat,1
The Cabin with Bert Kreischer,Deon Cole,1
The Cabin with Bert Kreischer,Big Jay Oakerson,1
The Haunting of Bly Manor,Victoria Pedretti,1
The Haunting of Bly Manor,Oliver Jackson-Cohen,1
The Haunting of Bly Manor,Henry Thomas,1
The Haunting of Bly Manor,Amelia Eve,1
The Haunting of Bly Manor,T'Nia Miller,1
The Haunting of Bly Manor,Rahul Kohli,1
The Haunting of Bly Manor,Tahirah Sharif,1
The Haunting of Bly Manor,Amelie Bea Smith,1
The Haunting of Bly Manor,Benjamin Evan Ainsworth,1
Emily in Paris,Lily Collins,1
Emily in Paris,Philippine Leroy-Beaulieu,1
Emily in Paris,Ashley Park,1
Emily in Paris,Lucas Bravo,1
Emily in Paris,Kate Walsh,1
Emily in Paris,Samuel Arnold,1
Emily in Paris,Bruno Gouery,1
Emily in Paris,Camille Razat,1
Sneakerheads,Allen Maldonado,1
Sneakerheads,Andrew Bachelor,1
Sneakerheads,Jearnest Corchado,1
Sneakerheads,Matthew Josten,1
Sneakerheads,Yaani King Mondschein,1
Sneakerheads,Justin Lee,1
Sneakerheads,Aja Evans,1
Ratched,Sarah Paulson,1
Ratched,Finn Wittrock,1
Ratched,Judy Davis,1
Ratched,Sharon Stone,1
Ratched,Cynthia Nixon,1
Ratched,Jon Jon Briones,1
Ratched,Charlie Carver,1
The American Barbecue Showdown,Lyric Lewis,1
The American Barbecue Showdown,Rutledge Wood,1
Sing On!,Tituss Burgess,1
Julie and the Phantoms,Madison Reyes,1
Julie and the Phantoms,Charlie Gillespie,1
Julie and the Phantoms,Owen Patrick Joyner,1
Julie and the Phantoms,Jeremy Shada,1
Julie and the Phantoms,Jadah Marie,1
Julie and the Phantoms,Sacha Carlson,1
Julie and the Phantoms,Savannah Lee May,1
Julie and the Phantoms,Cheyenne Jackson,1
Julie and the Phantoms,Carlos Ponce,1
Julie and the Phantoms,Booboo Stewart,1
Julie and the Phantoms,Sonny Bustamante,1
Away,Hilary Swank,1
Away,Josh Charles,1
Away,Vivian Wu,1
Away,Mark Ivanir,1
Away,Ato Essandoh,1
Away,Ray Panthaki,1
Away,Talitha Eliana Bateman,1
Bookmarks,Marley Dias,1
Felipe Esparza: Bad Decisions,Felipe Esparza,1
Emily's Wonder Lab,Emily Callandrelli,1
Emily's Wonder Lab,Sky Alexis,1
Emily's Wonder Lab,Kennedi Butler,1
Emily's Wonder Lab,Arya Darbahani,1
Emily's Wonder Lab,Christopher Farrar,1
Emily's Wonder Lab,Alex Jayne Go,1
Emily's Wonder Lab,Jayden Langarcia,1
Emily's Wonder Lab,Makenzie Lee-Foster,1
Emily's Wonder Lab,Tenz McCall,1
Emily's Wonder Lab,Zaela Rae,1
Emily's Wonder Lab,Mason Wells,1
Hoops,Jake Johnson,1
Hoops,Ron Funches,1
Hoops,Cleo King,1
Hoops,Natasha Leggero,1
Hoops,A.D. Miles,1
Hoops,Rob Riggle,1
Hoops,Steve Berg,1
Hoops,Eric Edelstein,1
Hoops,Ben Hoffman,1
Hoops,Mary Holland,1
Hoops,Gil Ozeri,1
Hoops,Sam Richardson,1
Hoops,Nick Swardson,1
Teenage Bounty Hunters,Anjelica Bette Fellini,1
Teenage Bounty Hunters,Maddie Phillips,1
Teenage Bounty Hunters,Kadeem Hardison,1
Teenage Bounty Hunters,Virginia Williams,1
Teenage Bounty Hunters,Mackenzie Astin,1
Teenage Bounty Hunters,Shirley Rumierk,1
Teenage Bounty Hunters,Myles Evans,1
Teenage Bounty Hunters,Devon Hales,1
Teenage Bounty Hunters,Spencer House,1
Teenage Bounty Hunters,Eric Graise,1
Teenage Bounty Hunters,Charity Cervantes,1
Teenage Bounty Hunters,Wynn Everett,1
Teenage Bounty Hunters,Method Man,1
GAME ON: A Comedy Crossover Event,Loretta Devine,1
GAME ON: A Comedy Crossover Event,Tia Mowry-Hardrict,1
GAME ON: A Comedy Crossover Event,Anthony Alabi,1
GAME ON: A Comedy Crossover Event,Paul Wight,1
GAME ON: A Comedy Crossover Event,Allison Munn,1
GAME ON: A Comedy Crossover Event,Gabriel Iglesias,1
GAME ON: A Comedy Crossover Event,Sherri Shepherd,1
GAME ON: A Comedy Crossover Event,Paulina Chávez,1
GAME ON: A Comedy Crossover Event,Jencarlos Canela,1
Tiny Creatures,Mike Colter,1
Wizards: Tales of Arcadia,Colin O'Donoghue,1
Wizards: Tales of Arcadia,David Bradley,1
Wizards: Tales of Arcadia,Lena Headey,1
Wizards: Tales of Arcadia,Emile Hirsch,1
Wizards: Tales of Arcadia,Lexi Medrano,1
Wizards: Tales of Arcadia,Steven Yeun,1
Wizards: Tales of Arcadia,Alfred Molina,1
Wizards: Tales of Arcadia,James Faulkner,1
Wizards: Tales of Arcadia,Stephanie Beatriz,1
Wizards: Tales of Arcadia,John Rhys-Davies,1
Transformers: War For Cybertron Trilogy,Jake Foushee,1
Transformers: War For Cybertron Trilogy,Jason Marnocha,1
Transformers: War For Cybertron Trilogy,Linsay Rousseau,1
Transformers: War For Cybertron Trilogy,Joe Zieja,1
Transformers: War For Cybertron Trilogy,Frank Todaro,1
Transformers: War For Cybertron Trilogy,Bill Rogers,1
Transformers: War For Cybertron Trilogy,Keith Silverstein,1
Transformers: War For Cybertron Trilogy,Edward Bosco,1
The Business of Drugs,Amaryllis Fox,1
Down to Earth with Zac Efron,Zac Efron,1
Down to Earth with Zac Efron,Darin Olien,1
The Epic Tales of Captain Underpants in Space,Nat Faxon,1
The Epic Tales of Captain Underpants in Space,Jay Gragnani,1
The Epic Tales of Captain Underpants in Space,Ramone Hamilton,1
The Epic Tales of Captain Underpants in Space,Sean Astin,1
The Epic Tales of Captain Underpants in Space,Dayci Brookshire,1
The Epic Tales of Captain Underpants in Space,Jorge Diaz,1
The Epic Tales of Captain Underpants in Space,Peter Hastings,1
The Epic Tales of Captain Underpants in Space,Evan Kishiyama,1
The Epic Tales of Captain Underpants in Space,David Koechner,1
The Epic Tales of Captain Underpants in Space,Erica Luttrell,1
The Epic Tales of Captain Underpants in Space,Brennan Murray,1
The Epic Tales of Captain Underpants in Space,Nolan North,1
The Epic Tales of Captain Underpants in Space,Gary Anthony Williams,1
The Epic Tales of Captain Underpants in Space,Secunda Wood,1
The Baby-Sitters Club,Sophie Grace,1
The Baby-Sitters Club,Momona Tamada,1
The Baby-Sitters Club,Shay Rudolph,1
The Baby-Sitters Club,Malia Baker,1
The Baby-Sitters Club,Xochitl Gomez,1
The Baby-Sitters Club,Alicia Silverstone,1
The Baby-Sitters Club,Mark Feuerstein,1
The Baby-Sitters Club,Marc Evan Jackson,1
The Baby-Sitters Club,Aya Furukawa,1
The Baby-Sitters Club,Jessica Elaina Eason,1
Warrior Nun,Alba Baptista,1
Warrior Nun,Toya Turner,1
Warrior Nun,Lorena Andrea,1
Warrior Nun,Kristina Tonteri-Young,1
Warrior Nun,Tristán Ulloa,1
Say I Do,Jeremiah Brent,1
Say I Do,Thai Nguyen,1
Say I Do,Gabriele Bertaccini,1
Floor Is Lava,Rutledge Wood,1
The Woods,Grzegorz Damięcki,1
The Woods,Agnieszka Grochowska,1
The Woods,Hubert Miłkowski,1
The Woods,Wiktoria Filus,1
The Woods,Jacek Koman,1
The Woods,Krzysztof Zarzecki,1
The Woods,Ewa Skibińska,1
The Woods,Martyna Byczkowska,1
The Woods,Roman Gancarczyk,1
The Woods,Adam Wietrzyński,1
Space Force,Steve Carell,1
Space Force,John Malkovich,1
Space Force,Ben Schwartz,1
Space Force,Diana Silvers,1
Space Force,Tawny Newsome,1
Space Force,Jimmy O. Yang,1
Space Force,Don Lake,1
Space Force,Lisa Kudrow,1
Space Force,Fred Willard,1
Space Force,Spencer House,1
Space Force,Owen Daniels,1
Space Force,Hector Duran,1
Space Force,Chris Gethard,1
Space Force,Aparna Nancherla,1
Patton Oswalt: I Love Everything,Patton Oswalt,1
Patton Oswalt: I Love Everything,Bob Rubin,1
Sweet Magnolias,JoAnna Garcia Swisher,1
Sweet Magnolias,Brooke Elliott,1
Sweet Magnolias,Heather Headley,1
Sweet Magnolias,Chris Klein,1
Sweet Magnolias,Justin Bruening,1
Sweet Magnolias,Logan Allen,1
Sweet Magnolias,Anneliese Judge,1
Sweet Magnolias,Carson Rowland,1
Sweet Magnolias,Jamie Lynn Spears,1
Sweet Magnolias,Dion Johnstone,1
The Eddy,André Holland,1
The Eddy,Joanna Kulig,1
The Eddy,Amandla Stenberg,1
The Eddy,Leïla Bekhti,1
The Eddy,Tahar Rahim,1
The Eddy,Benjamin Biolay,1
The Eddy,Adil Dehbi,1
The Eddy,Melissa George,1
The Eddy,Lada Obradovic,1
The Eddy,Tchéky Karyo,1
The Eddy,Randy Kerber,1
The Eddy,Elyes Aguis,1
The Eddy,Damian Nueva Cortes,1
Hollywood,David Corenswet,1
Hollywood,Darren Criss,1
Hollywood,Patti LuPone,1
Hollywood,Jeremy Pope,1
Hollywood,Jim Parsons,1
Hollywood,Laura Harrier,1
Hollywood,Joe Mantello,1
Hollywood,Dylan McDermott,1
Hollywood,Jake Picking,1
Hollywood,Holland Taylor,1
Hollywood,Samara Weaving,1
Ghost in the Shell: SAC_2045,Atsuko Tanaka,1
Ghost in the Shell: SAC_2045,Osamu Saka,1
Ghost in the Shell: SAC_2045,Akio Otsuka,1
Ghost in the Shell: SAC_2045,Koichi Yamadera,1
Ghost in the Shell: SAC_2045,Yutaka Nakano,1
Ghost in the Shell: SAC_2045,Toru Okawa,1
Ghost in the Shell: SAC_2045,Takashi Onozuka,1
Ghost in the Shell: SAC_2045,Taro Yamaguchi,1
Ghost in the Shell: SAC_2045,Sakiko Tamagawa,1
Ghost in the Shell: SAC_2045,Megumi Han,1
Ghost in the Shell: SAC_2045,Kenjiro Tsuda,1
Ghost in the Shell: SAC_2045,Kaiji Soze,1
Ghost in the Shell: SAC_2045,Shigeo Kiyama,1
Absurd Planet,Afi Ekulona,1
Middleditch & Schwartz,Thomas Middleditch,1
Middleditch & Schwartz,Ben Schwartz,1
Cooked with Cannabis,Kelis,1
Cooked with Cannabis,Leather Storrs,1
The Midnight Gospel,Duncan Trussell,1
The Midnight Gospel,Phil Hendrie,1
The Midnight Gospel,Drew Pinsky,1
The Midnight Gospel,Joey Diaz,1
The Midnight Gospel,Natasha Leggero,1
The Midnight Gospel,Johnny Pemberton,1
The Midnight Gospel,Christina Pazsitzky,1
The Midnight Gospel,Anne Lamott,1
The Midnight Gospel,Damien Echols,1
The Midnight Gospel,Trudy Goodman,1
The Midnight Gospel,Maria Bamford,1
The Midnight Gospel,Pauly Shore,1
The Midnight Gospel,Doug Lussenhop,1
The Midnight Gospel,David Nichtern,1
The Midnight Gospel,Steve Little,1
The Midnight Gospel,Caitlin Doughty,1
The Midnight Gospel,Stephen Root,1
#blackAF,Kenya Barris,1
#blackAF,Rashida Jones,1
#blackAF,Iman Benson,1
#blackAF,Genneya Walton,1
#blackAF,Scarlet Spencer,1
#blackAF,Justin Claiborne,1
#blackAF,Ravi Cabot-Conyers,1
Brews Brothers,Alan Aisenberg,1
Brews Brothers,Mike Castle,1
Brews Brothers,Carmen Flood,1
Brews Brothers,Marques Ray,1
The Iliza Shlesinger Sketch Show,Ilana Becker,1
The Iliza Shlesinger Sketch Show,Kerry Coddett,1
The Iliza Shlesinger Sketch Show,Tarik Davis,1
The Iliza Shlesinger Sketch Show,Matthew Dellapina,1
The Iliza Shlesinger Sketch Show,David Ebert,1
The Iliza Shlesinger Sketch Show,Stink Fisher,1
The Iliza Shlesinger Sketch Show,Iliana Inocencio,1
The Iliza Shlesinger Sketch Show,Iliza Shlesinger,1
Self Made: Inspired by the Life of Madam C.J. Walker,Octavia Spencer,1
Self Made: Inspired by the Life of Madam C.J. Walker,Tiffany Haddish,1
Self Made: Inspired by the Life of Madam C.J. Walker,Carmen Ejogo,1
Self Made: Inspired by the Life of Madam C.J. Walker,Blair Underwood,1
Self Made: Inspired by the Life of Madam C.J. Walker,Garrett Morris,1
Self Made: Inspired by the Life of Madam C.J. Walker,Kevin Carroll,1
Shaun the Sheep: Adventures from Mossy Bottom,John Sparkes,1
Shaun the Sheep: Adventures from Mossy Bottom,Justin Fletcher,1
Shaun the Sheep: Adventures from Mossy Bottom,Marcus Brigstocke,1
Shaun the Sheep: Adventures from Mossy Bottom,Simon Greenall,1
Shaun the Sheep: Adventures from Mossy Bottom,Kate Harbour,1
Shaun the Sheep: Adventures from Mossy Bottom,Emma Tate,1
Shaun the Sheep: Adventures from Mossy Bottom,Andy Nyman,1
Shaun the Sheep: Adventures from Mossy Bottom,Richard Webber,1
100 Humans,Zainab Johnson,1
100 Humans,Sammy Obeid,1
100 Humans,Alie Ward,1
I Am Not Okay With This,Sophia Lillis,1
I Am Not Okay With This,Wyatt Oleff,1
I Am Not Okay With This,Kathleen Rose Perkins,1
I Am Not Okay With This,Sofia Bryant,1
I Am Not Okay With This,Richard Ellis,1
I Am Not Okay With This,Sophia Tatum,1
I Am Not Okay With This,David Theune,1
I Am Not Okay With This,Zachary S. Williams,1
I Am Not Okay With This,Aidan Wojtak-Hissong,1
Gentefied,J.J. Soria,1
Gentefied,Carlos Santos,1
Gentefied,Karrie Martin,1
Gentefied,Joaquín Cosío,1
Gentefied,Julissa Calderon,1
Gentefied,Annie Gonzalez,1
Gentefied,Laura Patalano,1
Gentefied,Felipe Esparza,1
Love Is Blind,Nick Lachey,1
Love Is Blind,Vanessa Lachey,1
Locke & Key,Darby Stanchfield,1
Locke & Key,Connor Jessup,1
Locke & Key,Emilia Jones,1
Locke & Key,Jackson Robert Scott,1
Locke & Key,Petrice Jones,1
Locke & Key,Laysla De Oliveira,1
Locke & Key,Griffin Gluck,1
Locke & Key,Sherri Saum,1
Locke & Key,Aaron Ashmore,1
Locke & Key,Bill Heck,1
Locke & Key,Genevieve Kang,1
Locke & Key,Kevin Alves,1
Locke & Key,Thomas Mitchell Barnet,1
Locke & Key,Eric Graise,1
Locke & Key,Felix Mallard,1
Locke & Key,Martin Roach,1
Locke & Key,Steven Williams,1
Locke & Key,Coby Bird,1
What the Love! with Karan Johar,Karan Johar,1
The goop lab with Gwyneth Paltrow,Gwyneth Paltrow,1
The goop lab with Gwyneth Paltrow,Elise Loehnen,1
October Faction,Tamara Taylor,1
October Faction,J.C. MacKenzie,1
October Faction,Aurora Burghart,1
October Faction,Gabriel Darku,1
October Faction,Maxim Roy,1
October Faction,Stephen McHattie,1
October Faction,Wendy Crewson,1
October Faction,Megan Follows,1
October Faction,Nicola Correia-Damude,1
October Faction,Praneet Akilla,1
October Faction,Michelle Nolden,1
October Faction,Anwen O'Driscoll,1
Killer Inside: The Mind of Aaron Hernandez,Aaron Hernandez,1
AJ and the Queen,RuPaul Charles,1
AJ and the Queen,Izzy G.,1
AJ and the Queen,Michael-Leon Wooley,1
AJ and the Queen,Josh Segarra,1
AJ and the Queen,Katerina Tannenbaum,1
AJ and the Queen,Tia Carrere,1
Medical Police,Erinn Hayes,1
Medical Police,Rob Huebel,1
Medical Police,Malin Akerman,1
Medical Police,Rob Corddry,1
Medical Police,Lake Bell,1
Medical Police,Sarayu Blue,1
Medical Police,Ken Marino,1
Medical Police,Fred Melamed,1
Medical Police,Tom Wright,1
Medical Police,Jason Schwartzman,1
Medical Police,Eric Nenninger,1
Medical Police,Megan Le,1
Medical Police,Beth Dover,1
Medical Police,Zandy Hartig,1
Medical Police,Brian Huskey,1
Medical Police,Michael Cera,1
"Sex, Explained",Janelle Monáe,1
Messiah,Michelle Monaghan,1
Messiah,Mehdi Dehbi,1
Messiah,John Ortiz,1
Messiah,Tomer Sisley,1
Messiah,Melinda Page Hamilton,1
Messiah,Stefania LaVie Owen,1
Messiah,Sayyid El Alami,1
Messiah,Jane Adams,1
Messiah,Wil Traval,1
Messiah,Fares Landoulsi,1
Spinning Out,Kaya Scodelario,1
Spinning Out,January Jones,1
Spinning Out,Will Kemp,1
Spinning Out,Willow Shields,1
Spinning Out,Evan Roderick,1
Spinning Out,David James Elliott,1
Spinning Out,Sarah Wright Olsen,1
Spinning Out,Svetlana Efremova,1
Spinning Out,Amanda Zhou,1
Spinning Out,Mitchell Edwards,1
Spinning Out,Kaitlyn Leeb,1
Spinning Out,Johnny Weir,1
Maradona in Mexico,Diego Armando Maradona,1
Surviving R. Kelly Part II: The Reckoning,R. Kelly,1
The Netflix Afterparty,David Spade,1
The Netflix Afterparty,London Hughes,1
The Netflix Afterparty,Fortune Feimster,1